transaction_id,date,product_id,product_name,quantity,unit_price,total_amount,customer_id,customer_name,industry,region,sales_rep,payment_method,status,fiscal_quarter
TXN001,2023-01-05,SKU-1001,Cloud License Annual,3,2000,6000,CUST-101,Acme Corp,Technology,Northeast,John Smith,ACH,Completed,Q1 2023
TXN002,2023-01-08,SKU-1002,Support Package Premium,2,1500,3000,CUST-102,TechFlow Inc,SaaS,West,Sarah Jones,CC,Completed,Q1 2023
TXN003,2023-01-11,SKU-1004,Implementation Services,10,500,5000,CUST-103,FinServe Partners,Financial Services,Southeast,Mike Chen,Wire,Completed,Q1 2023
TXN004,2023-01-14,SKU-1003,Data Analytics Module,1,5000,5000,CUST-104,DataVault Solutions,Technology,Midwest,Emily Davis,ACH,Completed,Q1 2023
TXN005,2023-01-17,SKU-1005,Training Enablement,4,800,3200,CUST-105,Nexus Consulting,Consulting,Southwest,Robert Taylor,CC,Completed,Q1 2023
TXN006,2023-01-20,SKU-1001,Cloud License Annual,5,2000,10000,CUST-106,CloudBridge LLC,Technology,West,Sarah Jones,ACH,Completed,Q1 2023
TXN007,2023-01-23,SKU-1002,Support Package Premium,3,1500,4500,CUST-107,Meridian Systems,Healthcare,Southeast,Mike Chen,CC,Pending,Q1 2023
TXN008,2023-01-26,SKU-1003,Data Analytics Module,2,5000,10000,CUST-108,Apex Analytics,Financial Services,Northeast,John Smith,Wire,Completed,Q1 2023
TXN009,2023-01-29,SKU-1004,Implementation Services,8,500,4000,CUST-109,Summit Financial,Financial Services,Northeast,John Smith,ACH,Completed,Q1 2023
TXN010,2023-02-02,SKU-1005,Training Enablement,5,800,4000,CUST-110,Riverstone Tech,SaaS,West,Sarah Jones,CC,Completed,Q1 2023
TXN011,2023-02-05,SKU-1001,Cloud License Annual,4,2000,8000,CUST-111,BlueSky Ventures,Technology,Midwest,Emily Davis,ACH,Completed,Q1 2023
TXN012,2023-02-08,SKU-1002,Support Package Premium,2,1500,3000,CUST-112,PeakData Corp,Consulting,Southwest,Robert Taylor,Wire,Completed,Q1 2023
TXN013,2023-02-11,SKU-1003,Data Analytics Module,1,5000,5000,CUST-113,Horizon Group,Healthcare,Southeast,Mike Chen,ACH,Completed,Q1 2023
TXN014,2023-02-14,SKU-1004,Implementation Services,15,500,7500,CUST-114,Sterling Partners,Consulting,Northeast,John Smith,CC,Completed,Q1 2023
TXN015,2023-02-17,SKU-1005,Training Enablement,3,800,2400,CUST-115,Quantum Analytics,Technology,West,Sarah Jones,ACH,Completed,Q1 2023
TXN016,2023-02-20,SKU-1001,Cloud License Annual,6,2000,12000,CUST-101,Acme Corp,Technology,Northeast,John Smith,Wire,Completed,Q1 2023
TXN017,2023-02-23,SKU-1002,Support Package Premium,4,1500,6000,CUST-102,TechFlow Inc,SaaS,West,Sarah Jones,CC,Completed,Q1 2023
TXN018,2023-02-26,SKU-1003,Data Analytics Module,2,5000,10000,CUST-103,FinServe Partners,Financial Services,Southeast,Mike Chen,ACH,Completed,Q1 2023
TXN019,2023-03-01,SKU-1004,Implementation Services,12,500,6000,CUST-104,DataVault Solutions,Technology,Midwest,Emily Davis,CC,Cancelled,Q1 2023
TXN020,2023-03-04,SKU-1005,Training Enablement,6,800,4800,CUST-105,Nexus Consulting,Consulting,Southwest,Robert Taylor,ACH,Completed,Q1 2023
TXN021,2023-03-07,SKU-1001,Cloud License Annual,2,2000,4000,CUST-106,CloudBridge LLC,Technology,West,Sarah Jones,Wire,Completed,Q1 2023
TXN022,2023-03-10,SKU-1002,Support Package Premium,5,1500,7500,CUST-107,Meridian Systems,Healthcare,Southeast,Mike Chen,ACH,Completed,Q1 2023
TXN023,2023-03-13,SKU-1003,Data Analytics Module,3,5000,15000,CUST-108,Apex Analytics,Financial Services,Northeast,John Smith,CC,Completed,Q1 2023
TXN024,2023-03-16,SKU-1004,Implementation Services,7,500,3500,CUST-109,Summit Financial,Financial Services,Northeast,John Smith,ACH,Completed,Q1 2023
TXN025,2023-03-19,SKU-1005,Training Enablement,2,800,1600,CUST-110,Riverstone Tech,SaaS,West,Sarah Jones,CC,Pending,Q1 2023
TXN026,2023-03-22,SKU-1001,Cloud License Annual,8,2000,16000,CUST-111,BlueSky Ventures,Technology,Midwest,Emily Davis,ACH,Completed,Q1 2023
TXN027,2023-03-25,SKU-1002,Support Package Premium,1,1500,1500,CUST-112,PeakData Corp,Consulting,Southwest,Robert Taylor,Wire,Completed,Q1 2023
TXN028,2023-03-28,SKU-1003,Data Analytics Module,4,5000,20000,CUST-113,Horizon Group,Healthcare,Southeast,Mike Chen,ACH,Completed,Q1 2023
TXN029,2023-03-31,SKU-1004,Implementation Services,18,500,9000,CUST-114,Sterling Partners,Consulting,Northeast,John Smith,CC,Completed,Q1 2023
TXN030,2023-04-03,SKU-1005,Training Enablement,7,800,5600,CUST-115,Quantum Analytics,Technology,West,Sarah Jones,ACH,Completed,Q2 2023
TXN031,2023-04-06,SKU-1001,Cloud License Annual,5,2000,10000,CUST-101,Acme Corp,Technology,Northeast,John Smith,Wire,Completed,Q2 2023
TXN032,2023-04-09,SKU-1002,Support Package Premium,3,1500,4500,CUST-103,FinServe Partners,Financial Services,Southeast,Mike Chen,ACH,Completed,Q2 2023
TXN033,2023-04-12,SKU-1003,Data Analytics Module,2,5000,10000,CUST-104,DataVault Solutions,Technology,Midwest,Emily Davis,CC,Completed,Q2 2023
TXN034,2023-04-15,SKU-1004,Implementation Services,14,500,7000,CUST-105,Nexus Consulting,Consulting,Southwest,Robert Taylor,ACH,Completed,Q2 2023
TXN035,2023-04-18,SKU-1005,Training Enablement,4,800,3200,CUST-106,CloudBridge LLC,Technology,West,Sarah Jones,CC,Completed,Q2 2023
TXN036,2023-04-21,SKU-1001,Cloud License Annual,7,2000,14000,CUST-107,Meridian Systems,Healthcare,Southeast,Mike Chen,Wire,Completed,Q2 2023
TXN037,2023-04-24,SKU-1002,Support Package Premium,6,1500,9000,CUST-108,Apex Analytics,Financial Services,Northeast,John Smith,ACH,Completed,Q2 2023
TXN038,2023-04-27,SKU-1003,Data Analytics Module,1,5000,5000,CUST-109,Summit Financial,Financial Services,Northeast,John Smith,CC,Completed,Q2 2023
TXN039,2023-04-30,SKU-1004,Implementation Services,9,500,4500,CUST-110,Riverstone Tech,SaaS,West,Sarah Jones,ACH,Pending,Q2 2023
TXN040,2023-05-03,SKU-1005,Training Enablement,8,800,6400,CUST-111,BlueSky Ventures,Technology,Midwest,Emily Davis,CC,Completed,Q2 2023
TXN041,2023-05-06,SKU-1001,Cloud License Annual,3,2000,6000,CUST-112,PeakData Corp,Consulting,Southwest,Robert Taylor,ACH,Completed,Q2 2023
TXN042,2023-05-09,SKU-1002,Support Package Premium,4,1500,6000,CUST-113,Horizon Group,Healthcare,Southeast,Mike Chen,Wire,Completed,Q2 2023
TXN043,2023-05-12,SKU-1003,Data Analytics Module,3,5000,15000,CUST-114,Sterling Partners,Consulting,Northeast,John Smith,ACH,Completed,Q2 2023
TXN044,2023-05-15,SKU-1004,Implementation Services,11,500,5500,CUST-115,Quantum Analytics,Technology,West,Sarah Jones,CC,Completed,Q2 2023
TXN045,2023-05-18,SKU-1005,Training Enablement,5,800,4000,CUST-101,Acme Corp,Technology,Northeast,John Smith,ACH,Completed,Q2 2023
TXN046,2023-05-21,SKU-1001,Cloud License Annual,9,2000,18000,CUST-102,TechFlow Inc,SaaS,West,Sarah Jones,Wire,Completed,Q2 2023
TXN047,2023-05-24,SKU-1002,Support Package Premium,2,1500,3000,CUST-103,FinServe Partners,Financial Services,Southeast,Mike Chen,ACH,Cancelled,Q2 2023
TXN048,2023-05-27,SKU-1003,Data Analytics Module,5,5000,25000,CUST-104,DataVault Solutions,Technology,Midwest,Emily Davis,CC,Completed,Q2 2023
TXN049,2023-05-30,SKU-1004,Implementation Services,16,500,8000,CUST-105,Nexus Consulting,Consulting,Southwest,Robert Taylor,ACH,Completed,Q2 2023
TXN050,2023-06-02,SKU-1005,Training Enablement,3,800,2400,CUST-106,CloudBridge LLC,Technology,West,Sarah Jones,CC,Completed,Q2 2023
TXN051,2023-06-05,SKU-1001,Cloud License Annual,4,2000,8000,CUST-107,Meridian Systems,Healthcare,Southeast,Mike Chen,Wire,Completed,Q2 2023
TXN052,2023-06-08,SKU-1002,Support Package Premium,7,1500,10500,CUST-108,Apex Analytics,Financial Services,Northeast,John Smith,ACH,Completed,Q2 2023
TXN053,2023-06-11,SKU-1003,Data Analytics Module,2,5000,10000,CUST-109,Summit Financial,Financial Services,Northeast,John Smith,CC,Completed,Q2 2023
TXN054,2023-06-14,SKU-1004,Implementation Services,13,500,6500,CUST-110,Riverstone Tech,SaaS,West,Sarah Jones,ACH,Completed,Q2 2023
TXN055,2023-06-17,SKU-1005,Training Enablement,6,800,4800,CUST-111,BlueSky Ventures,Technology,Midwest,Emily Davis,CC,Pending,Q2 2023
TXN056,2023-06-20,SKU-1001,Cloud License Annual,2,2000,4000,CUST-112,PeakData Corp,Consulting,Southwest,Robert Taylor,ACH,Completed,Q2 2023
TXN057,2023-06-23,SKU-1002,Support Package Premium,5,1500,7500,CUST-113,Horizon Group,Healthcare,Southeast,Mike Chen,Wire,Completed,Q2 2023
TXN058,2023-06-26,SKU-1003,Data Analytics Module,4,5000,20000,CUST-114,Sterling Partners,Consulting,Northeast,John Smith,ACH,Completed,Q2 2023
TXN059,2023-06-29,SKU-1004,Implementation Services,8,500,4000,CUST-115,Quantum Analytics,Technology,West,Sarah Jones,CC,Completed,Q2 2023
TXN060,2023-07-02,SKU-1005,Training Enablement,4,800,3200,CUST-101,Acme Corp,Technology,Northeast,John Smith,ACH,Completed,Q3 2023
TXN061,2023-07-05,SKU-1001,Cloud License Annual,6,2000,12000,CUST-102,TechFlow Inc,SaaS,West,Sarah Jones,Wire,Completed,Q3 2023
TXN062,2023-07-08,SKU-1002,Support Package Premium,3,1500,4500,CUST-103,FinServe Partners,Financial Services,Southeast,Mike Chen,ACH,Completed,Q3 2023
TXN063,2023-07-11,SKU-1003,Data Analytics Module,6,5000,30000,CUST-104,DataVault Solutions,Technology,Midwest,Emily Davis,CC,Completed,Q3 2023
TXN064,2023-07-14,SKU-1004,Implementation Services,20,500,10000,CUST-105,Nexus Consulting,Consulting,Southwest,Robert Taylor,ACH,Completed,Q3 2023
TXN065,2023-07-17,SKU-1005,Training Enablement,7,800,5600,CUST-106,CloudBridge LLC,Technology,West,Sarah Jones,CC,Completed,Q3 2023
TXN066,2023-07-20,SKU-1001,Cloud License Annual,10,2000,20000,CUST-107,Meridian Systems,Healthcare,Southeast,Mike Chen,Wire,Completed,Q3 2023
TXN067,2023-07-23,SKU-1002,Support Package Premium,4,1500,6000,CUST-108,Apex Analytics,Financial Services,Northeast,John Smith,ACH,Completed,Q3 2023
TXN068,2023-07-26,SKU-1003,Data Analytics Module,3,5000,15000,CUST-109,Summit Financial,Financial Services,Northeast,John Smith,CC,Completed,Q3 2023
TXN069,2023-07-29,SKU-1004,Implementation Services,17,500,8500,CUST-110,Riverstone Tech,SaaS,West,Sarah Jones,ACH,Cancelled,Q3 2023
TXN070,2023-08-01,SKU-1005,Training Enablement,5,800,4000,CUST-111,BlueSky Ventures,Technology,Midwest,Emily Davis,CC,Completed,Q3 2023
TXN071,2023-08-04,SKU-1001,Cloud License Annual,4,2000,8000,CUST-112,PeakData Corp,Consulting,Southwest,Robert Taylor,ACH,Completed,Q3 2023
TXN072,2023-08-07,SKU-1002,Support Package Premium,8,1500,12000,CUST-113,Horizon Group,Healthcare,Southeast,Mike Chen,Wire,Completed,Q3 2023
TXN073,2023-08-10,SKU-1003,Data Analytics Module,5,5000,25000,CUST-114,Sterling Partners,Consulting,Northeast,John Smith,ACH,Completed,Q3 2023
TXN074,2023-08-13,SKU-1004,Implementation Services,14,500,7000,CUST-115,Quantum Analytics,Technology,West,Sarah Jones,CC,Completed,Q3 2023
TXN075,2023-08-16,SKU-1005,Training Enablement,9,800,7200,CUST-101,Acme Corp,Technology,Northeast,John Smith,ACH,Completed,Q3 2023
TXN076,2023-08-19,SKU-1001,Cloud License Annual,7,2000,14000,CUST-102,TechFlow Inc,SaaS,West,Sarah Jones,Wire,Pending,Q3 2023
TXN077,2023-08-22,SKU-1002,Support Package Premium,2,1500,3000,CUST-103,FinServe Partners,Financial Services,Southeast,Mike Chen,ACH,Completed,Q3 2023
TXN078,2023-08-25,SKU-1003,Data Analytics Module,4,5000,20000,CUST-104,DataVault Solutions,Technology,Midwest,Emily Davis,CC,Completed,Q3 2023
TXN079,2023-08-28,SKU-1004,Implementation Services,11,500,5500,CUST-105,Nexus Consulting,Consulting,Southwest,Robert Taylor,ACH,Completed,Q3 2023
TXN080,2023-08-31,SKU-1005,Training Enablement,6,800,4800,CUST-106,CloudBridge LLC,Technology,West,Sarah Jones,CC,Completed,Q3 2023
TXN081,2023-09-03,SKU-1001,Cloud License Annual,5,2000,10000,CUST-107,Meridian Systems,Healthcare,Southeast,Mike Chen,Wire,Completed,Q3 2023
TXN082,2023-09-06,SKU-1002,Support Package Premium,6,1500,9000,CUST-108,Apex Analytics,Financial Services,Northeast,John Smith,ACH,Completed,Q3 2023
TXN083,2023-09-09,SKU-1003,Data Analytics Module,7,5000,35000,CUST-109,Summit Financial,Financial Services,Northeast,John Smith,CC,Completed,Q3 2023
TXN084,2023-09-12,SKU-1004,Implementation Services,9,500,4500,CUST-110,Riverstone Tech,SaaS,West,Sarah Jones,ACH,Completed,Q3 2023
TXN085,2023-09-15,SKU-1005,Training Enablement,4,800,3200,CUST-111,BlueSky Ventures,Technology,Midwest,Emily Davis,CC,Completed,Q3 2023
TXN086,2023-09-18,SKU-1001,Cloud License Annual,8,2000,16000,CUST-112,PeakData Corp,Consulting,Southwest,Robert Taylor,ACH,Completed,Q3 2023
TXN087,2023-09-21,SKU-1002,Support Package Premium,3,1500,4500,CUST-113,Horizon Group,Healthcare,Southeast,Mike Chen,Wire,Completed,Q3 2023
TXN088,2023-09-24,SKU-1003,Data Analytics Module,2,5000,10000,CUST-114,Sterling Partners,Consulting,Northeast,John Smith,ACH,Cancelled,Q3 2023
TXN089,2023-09-27,SKU-1004,Implementation Services,15,500,7500,CUST-115,Quantum Analytics,Technology,West,Sarah Jones,CC,Completed,Q3 2023
TXN090,2023-09-30,SKU-1005,Training Enablement,8,800,6400,CUST-101,Acme Corp,Technology,Northeast,John Smith,ACH,Completed,Q3 2023
TXN091,2023-10-03,SKU-1001,Cloud License Annual,6,2000,12000,CUST-102,TechFlow Inc,SaaS,West,Sarah Jones,Wire,Completed,Q4 2023
TXN092,2023-10-06,SKU-1002,Support Package Premium,4,1500,6000,CUST-103,FinServe Partners,Financial Services,Southeast,Mike Chen,ACH,Completed,Q4 2023
TXN093,2023-10-09,SKU-1003,Data Analytics Module,8,5000,40000,CUST-104,DataVault Solutions,Technology,Midwest,Emily Davis,CC,Completed,Q4 2023
TXN094,2023-10-12,SKU-1004,Implementation Services,18,500,9000,CUST-105,Nexus Consulting,Consulting,Southwest,Robert Taylor,ACH,Completed,Q4 2023
TXN095,2023-10-15,SKU-1005,Training Enablement,5,800,4000,CUST-106,CloudBridge LLC,Technology,West,Sarah Jones,CC,Completed,Q4 2023
TXN096,2023-10-18,SKU-1001,Cloud License Annual,9,2000,18000,CUST-107,Meridian Systems,Healthcare,Southeast,Mike Chen,Wire,Completed,Q4 2023
TXN097,2023-10-21,SKU-1002,Support Package Premium,7,1500,10500,CUST-108,Apex Analytics,Financial Services,Northeast,John Smith,ACH,Completed,Q4 2023
TXN098,2023-10-24,SKU-1003,Data Analytics Module,3,5000,15000,CUST-109,Summit Financial,Financial Services,Northeast,John Smith,CC,Completed,Q4 2023
TXN099,2023-10-27,SKU-1004,Implementation Services,12,500,6000,CUST-110,Riverstone Tech,SaaS,West,Sarah Jones,ACH,Pending,Q4 2023
TXN100,2023-10-30,SKU-1005,Training Enablement,6,800,4800,CUST-111,BlueSky Ventures,Technology,Midwest,Emily Davis,CC,Completed,Q4 2023
TXN101,2023-11-02,SKU-1001,Cloud License Annual,4,2000,8000,CUST-112,PeakData Corp,Consulting,Southwest,Robert Taylor,ACH,Completed,Q4 2023
TXN102,2023-11-05,SKU-1002,Support Package Premium,5,1500,7500,CUST-113,Horizon Group,Healthcare,Southeast,Mike Chen,Wire,Completed,Q4 2023
TXN103,2023-11-08,SKU-1003,Data Analytics Module,6,5000,30000,CUST-114,Sterling Partners,Consulting,Northeast,John Smith,ACH,Completed,Q4 2023
TXN104,2023-11-11,SKU-1004,Implementation Services,16,500,8000,CUST-115,Quantum Analytics,Technology,West,Sarah Jones,CC,Completed,Q4 2023
TXN105,2023-11-14,SKU-1005,Training Enablement,7,800,5600,CUST-101,Acme Corp,Technology,Northeast,John Smith,ACH,Completed,Q4 2023
TXN106,2023-11-17,SKU-1001,Cloud License Annual,10,2000,20000,CUST-102,TechFlow Inc,SaaS,West,Sarah Jones,Wire,Completed,Q4 2023
TXN107,2023-11-20,SKU-1002,Support Package Premium,3,1500,4500,CUST-103,FinServe Partners,Financial Services,Southeast,Mike Chen,ACH,Cancelled,Q4 2023
TXN108,2023-11-23,SKU-1003,Data Analytics Module,4,5000,20000,CUST-104,DataVault Solutions,Technology,Midwest,Emily Davis,CC,Completed,Q4 2023
TXN109,2023-11-26,SKU-1004,Implementation Services,20,500,10000,CUST-105,Nexus Consulting,Consulting,Southwest,Robert Taylor,ACH,Completed,Q4 2023
TXN110,2023-11-29,SKU-1005,Training Enablement,4,800,3200,CUST-106,CloudBridge LLC,Technology,West,Sarah Jones,CC,Completed,Q4 2023
TXN111,2023-12-02,SKU-1001,Cloud License Annual,7,2000,14000,CUST-107,Meridian Systems,Healthcare,Southeast,Mike Chen,Wire,Completed,Q4 2023
TXN112,2023-12-05,SKU-1002,Support Package Premium,6,1500,9000,CUST-108,Apex Analytics,Financial Services,Northeast,John Smith,ACH,Completed,Q4 2023
TXN113,2023-12-08,SKU-1003,Data Analytics Module,9,5000,45000,CUST-109,Summit Financial,Financial Services,Northeast,John Smith,CC,Completed,Q4 2023
TXN114,2023-12-11,SKU-1004,Implementation Services,13,500,6500,CUST-110,Riverstone Tech,SaaS,West,Sarah Jones,ACH,Completed,Q4 2023
TXN115,2023-12-14,SKU-1005,Training Enablement,8,800,6400,CUST-111,BlueSky Ventures,Technology,Midwest,Emily Davis,CC,Pending,Q4 2023
TXN116,2023-12-17,SKU-1001,Cloud License Annual,5,2000,10000,CUST-112,PeakData Corp,Consulting,Southwest,Robert Taylor,ACH,Completed,Q4 2023
TXN117,2023-12-20,SKU-1002,Support Package Premium,4,1500,6000,CUST-113,Horizon Group,Healthcare,Southeast,Mike Chen,Wire,Completed,Q4 2023
TXN118,2023-12-23,SKU-1003,Data Analytics Module,5,5000,25000,CUST-114,Sterling Partners,Consulting,Northeast,John Smith,ACH,Completed,Q4 2023
TXN119,2023-12-26,SKU-1004,Implementation Services,10,500,5000,CUST-115,Quantum Analytics,Technology,West,Sarah Jones,CC,Completed,Q4 2023
TXN120,2023-12-29,SKU-1005,Training Enablement,9,800,7200,CUST-101,Acme Corp,Technology,Northeast,John Smith,ACH,Completed,Q4 2023
TXN121,2024-01-02,SKU-1001,Cloud License Annual,4,2000,8000,CUST-102,TechFlow Inc,SaaS,West,Sarah Jones,Wire,Completed,Q1 2024
TXN122,2024-01-05,SKU-1002,Support Package Premium,5,1500,7500,CUST-103,FinServe Partners,Financial Services,Southeast,Mike Chen,ACH,Completed,Q1 2024
TXN123,2024-01-08,SKU-1003,Data Analytics Module,3,5000,15000,CUST-104,DataVault Solutions,Technology,Midwest,Emily Davis,CC,Completed,Q1 2024
TXN124,2024-01-11,SKU-1004,Implementation Services,11,500,5500,CUST-105,Nexus Consulting,Consulting,Southwest,Robert Taylor,ACH,Completed,Q1 2024
TXN125,2024-01-14,SKU-1005,Training Enablement,4,800,3200,CUST-106,CloudBridge LLC,Technology,West,Sarah Jones,CC,Completed,Q1 2024
TXN126,2024-01-17,SKU-1001,Cloud License Annual,8,2000,16000,CUST-107,Meridian Systems,Healthcare,Southeast,Mike Chen,Wire,Completed,Q1 2024
TXN127,2024-01-20,SKU-1002,Support Package Premium,3,1500,4500,CUST-108,Apex Analytics,Financial Services,Northeast,John Smith,ACH,Completed,Q1 2024
TXN128,2024-01-23,SKU-1003,Data Analytics Module,6,5000,30000,CUST-109,Summit Financial,Financial Services,Northeast,John Smith,CC,Completed,Q1 2024
TXN129,2024-01-26,SKU-1004,Implementation Services,14,500,7000,CUST-110,Riverstone Tech,SaaS,West,Sarah Jones,ACH,Pending,Q1 2024
TXN130,2024-01-29,SKU-1005,Training Enablement,5,800,4000,CUST-111,BlueSky Ventures,Technology,Midwest,Emily Davis,CC,Completed,Q1 2024
TXN131,2024-02-01,SKU-1001,Cloud License Annual,6,2000,12000,CUST-112,PeakData Corp,Consulting,Southwest,Robert Taylor,ACH,Completed,Q1 2024
TXN132,2024-02-04,SKU-1002,Support Package Premium,7,1500,10500,CUST-113,Horizon Group,Healthcare,Southeast,Mike Chen,Wire,Completed,Q1 2024
TXN133,2024-02-07,SKU-1003,Data Analytics Module,4,5000,20000,CUST-114,Sterling Partners,Consulting,Northeast,John Smith,ACH,Completed,Q1 2024
TXN134,2024-02-10,SKU-1004,Implementation Services,8,500,4000,CUST-115,Quantum Analytics,Technology,West,Sarah Jones,CC,Completed,Q1 2024
TXN135,2024-02-13,SKU-1005,Training Enablement,6,800,4800,CUST-101,Acme Corp,Technology,Northeast,John Smith,ACH,Completed,Q1 2024
TXN136,2024-02-16,SKU-1001,Cloud License Annual,3,2000,6000,CUST-102,TechFlow Inc,SaaS,West,Sarah Jones,Wire,Cancelled,Q1 2024
TXN137,2024-02-19,SKU-1002,Support Package Premium,4,1500,6000,CUST-103,FinServe Partners,Financial Services,Southeast,Mike Chen,ACH,Completed,Q1 2024
TXN138,2024-02-22,SKU-1003,Data Analytics Module,7,5000,35000,CUST-104,DataVault Solutions,Technology,Midwest,Emily Davis,CC,Completed,Q1 2024
TXN139,2024-02-25,SKU-1004,Implementation Services,17,500,8500,CUST-105,Nexus Consulting,Consulting,Southwest,Robert Taylor,ACH,Completed,Q1 2024
TXN140,2024-02-28,SKU-1005,Training Enablement,3,800,2400,CUST-106,CloudBridge LLC,Technology,West,Sarah Jones,CC,Completed,Q1 2024
TXN141,2024-03-02,SKU-1001,Cloud License Annual,9,2000,18000,CUST-107,Meridian Systems,Healthcare,Southeast,Mike Chen,Wire,Completed,Q1 2024
TXN142,2024-03-05,SKU-1002,Support Package Premium,5,1500,7500,CUST-108,Apex Analytics,Financial Services,Northeast,John Smith,ACH,Completed,Q1 2024
TXN143,2024-03-08,SKU-1003,Data Analytics Module,2,5000,10000,CUST-109,Summit Financial,Financial Services,Northeast,John Smith,CC,Completed,Q1 2024
TXN144,2024-03-11,SKU-1004,Implementation Services,19,500,9500,CUST-110,Riverstone Tech,SaaS,West,Sarah Jones,ACH,Completed,Q1 2024
TXN145,2024-03-14,SKU-1005,Training Enablement,7,800,5600,CUST-111,BlueSky Ventures,Technology,Midwest,Emily Davis,CC,Pending,Q1 2024
TXN146,2024-03-17,SKU-1001,Cloud License Annual,5,2000,10000,CUST-112,PeakData Corp,Consulting,Southwest,Robert Taylor,ACH,Completed,Q1 2024
TXN147,2024-03-20,SKU-1002,Support Package Premium,6,1500,9000,CUST-113,Horizon Group,Healthcare,Southeast,Mike Chen,Wire,Completed,Q1 2024
TXN148,2024-03-23,SKU-1003,Data Analytics Module,5,5000,25000,CUST-114,Sterling Partners,Consulting,Northeast,John Smith,ACH,Completed,Q1 2024
TXN149,2024-03-26,SKU-1004,Implementation Services,12,500,6000,CUST-115,Quantum Analytics,Technology,West,Sarah Jones,CC,Completed,Q1 2024
TXN150,2024-03-29,SKU-1005,Training Enablement,8,800,6400,CUST-101,Acme Corp,Technology,Northeast,John Smith,ACH,Completed,Q1 2024
TXN151,2023-04-02,SKU-1001,Cloud License Annual,4,2000,8000,CUST-103,FinServe Partners,Financial Services,Southeast,Mike Chen,Wire,Completed,Q2 2023
TXN152,2023-04-05,SKU-1003,Data Analytics Module,3,5000,15000,CUST-106,CloudBridge LLC,Technology,West,Sarah Jones,ACH,Completed,Q2 2023
TXN153,2023-04-08,SKU-1002,Support Package Premium,5,1500,7500,CUST-108,Apex Analytics,Financial Services,Northeast,John Smith,CC,Completed,Q2 2023
TXN154,2023-04-11,SKU-1004,Implementation Services,7,500,3500,CUST-111,BlueSky Ventures,Technology,Midwest,Emily Davis,ACH,Completed,Q2 2023
TXN155,2023-04-14,SKU-1005,Training Enablement,4,800,3200,CUST-113,Horizon Group,Healthcare,Southeast,Mike Chen,CC,Completed,Q2 2023
TXN156,2023-04-17,SKU-1001,Cloud License Annual,6,2000,12000,CUST-114,Sterling Partners,Consulting,Northeast,John Smith,Wire,Completed,Q2 2023
TXN157,2023-04-20,SKU-1002,Support Package Premium,2,1500,3000,CUST-115,Quantum Analytics,Technology,West,Sarah Jones,ACH,Pending,Q2 2023
TXN158,2023-04-23,SKU-1003,Data Analytics Module,4,5000,20000,CUST-101,Acme Corp,Technology,Northeast,John Smith,CC,Completed,Q2 2023
TXN159,2023-04-26,SKU-1004,Implementation Services,16,500,8000,CUST-102,TechFlow Inc,SaaS,West,Sarah Jones,ACH,Completed,Q2 2023
TXN160,2023-04-29,SKU-1005,Training Enablement,5,800,4000,CUST-104,DataVault Solutions,Technology,Midwest,Emily Davis,CC,Completed,Q2 2023
TXN161,2023-05-02,SKU-1001,Cloud License Annual,8,2000,16000,CUST-105,Nexus Consulting,Consulting,Southwest,Robert Taylor,ACH,Completed,Q2 2023
TXN162,2023-05-05,SKU-1002,Support Package Premium,6,1500,9000,CUST-107,Meridian Systems,Healthcare,Southeast,Mike Chen,Wire,Completed,Q2 2023
TXN163,2023-05-08,SKU-1003,Data Analytics Module,2,5000,10000,CUST-109,Summit Financial,Financial Services,Northeast,John Smith,ACH,Cancelled,Q2 2023
TXN164,2023-05-11,SKU-1004,Implementation Services,9,500,4500,CUST-110,Riverstone Tech,SaaS,West,Sarah Jones,CC,Completed,Q2 2023
TXN165,2023-05-14,SKU-1005,Training Enablement,7,800,5600,CUST-112,PeakData Corp,Consulting,Southwest,Robert Taylor,ACH,Completed,Q2 2023
TXN166,2023-05-17,SKU-1001,Cloud License Annual,5,2000,10000,CUST-113,Horizon Group,Healthcare,Southeast,Mike Chen,CC,Completed,Q2 2023
TXN167,2023-05-20,SKU-1002,Support Package Premium,4,1500,6000,CUST-114,Sterling Partners,Consulting,Northeast,John Smith,Wire,Completed,Q2 2023
TXN168,2023-05-23,SKU-1003,Data Analytics Module,6,5000,30000,CUST-115,Quantum Analytics,Technology,West,Sarah Jones,ACH,Completed,Q2 2023
TXN169,2023-05-26,SKU-1004,Implementation Services,14,500,7000,CUST-101,Acme Corp,Technology,Northeast,John Smith,CC,Completed,Q2 2023
TXN170,2023-05-29,SKU-1005,Training Enablement,3,800,2400,CUST-102,TechFlow Inc,SaaS,West,Sarah Jones,ACH,Completed,Q2 2023
TXN171,2023-06-01,SKU-1001,Cloud License Annual,7,2000,14000,CUST-103,FinServe Partners,Financial Services,Southeast,Mike Chen,Wire,Completed,Q2 2023
TXN172,2023-06-04,SKU-1002,Support Package Premium,3,1500,4500,CUST-104,DataVault Solutions,Technology,Midwest,Emily Davis,ACH,Completed,Q2 2023
TXN173,2023-06-07,SKU-1003,Data Analytics Module,5,5000,25000,CUST-105,Nexus Consulting,Consulting,Southwest,Robert Taylor,CC,Completed,Q2 2023
TXN174,2023-06-10,SKU-1004,Implementation Services,12,500,6000,CUST-106,CloudBridge LLC,Technology,West,Sarah Jones,ACH,Pending,Q2 2023
TXN175,2023-06-13,SKU-1005,Training Enablement,8,800,6400,CUST-107,Meridian Systems,Healthcare,Southeast,Mike Chen,CC,Completed,Q2 2023
TXN176,2023-06-16,SKU-1001,Cloud License Annual,3,2000,6000,CUST-108,Apex Analytics,Financial Services,Northeast,John Smith,Wire,Completed,Q2 2023
TXN177,2023-06-19,SKU-1002,Support Package Premium,6,1500,9000,CUST-109,Summit Financial,Financial Services,Northeast,John Smith,ACH,Completed,Q2 2023
TXN178,2023-06-22,SKU-1003,Data Analytics Module,3,5000,15000,CUST-110,Riverstone Tech,SaaS,West,Sarah Jones,CC,Completed,Q2 2023
TXN179,2023-06-25,SKU-1004,Implementation Services,11,500,5500,CUST-111,BlueSky Ventures,Technology,Midwest,Emily Davis,ACH,Completed,Q2 2023
TXN180,2023-06-28,SKU-1005,Training Enablement,6,800,4800,CUST-112,PeakData Corp,Consulting,Southwest,Robert Taylor,CC,Completed,Q2 2023
TXN181,2023-07-01,SKU-1001,Cloud License Annual,5,2000,10000,CUST-113,Horizon Group,Healthcare,Southeast,Mike Chen,Wire,Completed,Q3 2023
TXN182,2023-07-04,SKU-1002,Support Package Premium,4,1500,6000,CUST-114,Sterling Partners,Consulting,Northeast,John Smith,ACH,Completed,Q3 2023
TXN183,2023-07-07,SKU-1003,Data Analytics Module,7,5000,35000,CUST-115,Quantum Analytics,Technology,West,Sarah Jones,CC,Completed,Q3 2023
TXN184,2023-07-10,SKU-1004,Implementation Services,19,500,9500,CUST-101,Acme Corp,Technology,Northeast,John Smith,ACH,Completed,Q3 2023
TXN185,2023-07-13,SKU-1005,Training Enablement,5,800,4000,CUST-102,TechFlow Inc,SaaS,West,Sarah Jones,CC,Completed,Q3 2023
TXN186,2023-07-16,SKU-1001,Cloud License Annual,8,2000,16000,CUST-103,FinServe Partners,Financial Services,Southeast,Mike Chen,Wire,Completed,Q3 2023
TXN187,2023-07-19,SKU-1002,Support Package Premium,5,1500,7500,CUST-104,DataVault Solutions,Technology,Midwest,Emily Davis,ACH,Cancelled,Q3 2023
TXN188,2023-07-22,SKU-1003,Data Analytics Module,4,5000,20000,CUST-105,Nexus Consulting,Consulting,Southwest,Robert Taylor,CC,Completed,Q3 2023
TXN189,2023-07-25,SKU-1004,Implementation Services,8,500,4000,CUST-106,CloudBridge LLC,Technology,West,Sarah Jones,ACH,Completed,Q3 2023
TXN190,2023-07-28,SKU-1005,Training Enablement,9,800,7200,CUST-107,Meridian Systems,Healthcare,Southeast,Mike Chen,CC,Completed,Q3 2023
TXN191,2023-07-31,SKU-1001,Cloud License Annual,6,2000,12000,CUST-108,Apex Analytics,Financial Services,Northeast,John Smith,Wire,Completed,Q3 2023
TXN192,2023-08-03,SKU-1002,Support Package Premium,7,1500,10500,CUST-109,Summit Financial,Financial Services,Northeast,John Smith,ACH,Completed,Q3 2023
TXN193,2023-08-06,SKU-1003,Data Analytics Module,5,5000,25000,CUST-110,Riverstone Tech,SaaS,West,Sarah Jones,CC,Pending,Q3 2023
TXN194,2023-08-09,SKU-1004,Implementation Services,13,500,6500,CUST-111,BlueSky Ventures,Technology,Midwest,Emily Davis,ACH,Completed,Q3 2023
TXN195,2023-08-12,SKU-1005,Training Enablement,4,800,3200,CUST-112,PeakData Corp,Consulting,Southwest,Robert Taylor,CC,Completed,Q3 2023
TXN196,2023-08-15,SKU-1001,Cloud License Annual,9,2000,18000,CUST-113,Horizon Group,Healthcare,Southeast,Mike Chen,Wire,Completed,Q3 2023
TXN197,2023-08-18,SKU-1002,Support Package Premium,3,1500,4500,CUST-114,Sterling Partners,Consulting,Northeast,John Smith,ACH,Completed,Q3 2023
TXN198,2023-08-21,SKU-1003,Data Analytics Module,6,5000,30000,CUST-115,Quantum Analytics,Technology,West,Sarah Jones,CC,Completed,Q3 2023
TXN199,2023-08-24,SKU-1004,Implementation Services,16,500,8000,CUST-101,Acme Corp,Technology,Northeast,John Smith,ACH,Completed,Q3 2023
TXN200,2023-08-27,SKU-1005,Training Enablement,7,800,5600,CUST-102,TechFlow Inc,SaaS,West,Sarah Jones,CC,Completed,Q3 2023
TXN201,2023-08-30,SKU-1001,Cloud License Annual,4,2000,8000,CUST-103,FinServe Partners,Financial Services,Southeast,Mike Chen,Wire,Completed,Q3 2023
TXN202,2023-09-02,SKU-1002,Support Package Premium,6,1500,9000,CUST-104,DataVault Solutions,Technology,Midwest,Emily Davis,ACH,Completed,Q3 2023
TXN203,2023-09-05,SKU-1003,Data Analytics Module,3,5000,15000,CUST-105,Nexus Consulting,Consulting,Southwest,Robert Taylor,CC,Completed,Q3 2023
TXN204,2023-09-08,SKU-1004,Implementation Services,10,500,5000,CUST-106,CloudBridge LLC,Technology,West,Sarah Jones,ACH,Completed,Q3 2023
TXN205,2023-09-11,SKU-1005,Training Enablement,5,800,4000,CUST-107,Meridian Systems,Healthcare,Southeast,Mike Chen,CC,Completed,Q3 2023
TXN206,2023-09-14,SKU-1001,Cloud License Annual,7,2000,14000,CUST-108,Apex Analytics,Financial Services,Northeast,John Smith,Wire,Completed,Q3 2023
TXN207,2023-09-17,SKU-1002,Support Package Premium,4,1500,6000,CUST-109,Summit Financial,Financial Services,Northeast,John Smith,ACH,Completed,Q3 2023
TXN208,2023-09-20,SKU-1003,Data Analytics Module,8,5000,40000,CUST-110,Riverstone Tech,SaaS,West,Sarah Jones,CC,Cancelled,Q3 2023
TXN209,2023-09-23,SKU-1004,Implementation Services,7,500,3500,CUST-111,BlueSky Ventures,Technology,Midwest,Emily Davis,ACH,Completed,Q3 2023
TXN210,2023-09-26,SKU-1005,Training Enablement,6,800,4800,CUST-112,PeakData Corp,Consulting,Southwest,Robert Taylor,CC,Completed,Q3 2023
TXN211,2023-09-29,SKU-1001,Cloud License Annual,5,2000,10000,CUST-113,Horizon Group,Healthcare,Southeast,Mike Chen,Wire,Completed,Q3 2023
TXN212,2023-10-01,SKU-1002,Support Package Premium,8,1500,12000,CUST-114,Sterling Partners,Consulting,Northeast,John Smith,ACH,Completed,Q4 2023
TXN213,2023-10-04,SKU-1003,Data Analytics Module,4,5000,20000,CUST-115,Quantum Analytics,Technology,West,Sarah Jones,CC,Completed,Q4 2023
TXN214,2023-10-07,SKU-1004,Implementation Services,15,500,7500,CUST-101,Acme Corp,Technology,Northeast,John Smith,ACH,Completed,Q4 2023
TXN215,2023-10-10,SKU-1005,Training Enablement,5,800,4000,CUST-102,TechFlow Inc,SaaS,West,Sarah Jones,CC,Pending,Q4 2023
TXN216,2023-10-13,SKU-1001,Cloud License Annual,8,2000,16000,CUST-103,FinServe Partners,Financial Services,Southeast,Mike Chen,Wire,Completed,Q4 2023
TXN217,2023-10-16,SKU-1002,Support Package Premium,3,1500,4500,CUST-104,DataVault Solutions,Technology,Midwest,Emily Davis,ACH,Completed,Q4 2023
TXN218,2023-10-19,SKU-1003,Data Analytics Module,7,5000,35000,CUST-105,Nexus Consulting,Consulting,Southwest,Robert Taylor,CC,Completed,Q4 2023
TXN219,2023-10-22,SKU-1004,Implementation Services,11,500,5500,CUST-106,CloudBridge LLC,Technology,West,Sarah Jones,ACH,Completed,Q4 2023
TXN220,2023-10-25,SKU-1005,Training Enablement,4,800,3200,CUST-107,Meridian Systems,Healthcare,Southeast,Mike Chen,CC,Completed,Q4 2023
TXN221,2023-10-28,SKU-1001,Cloud License Annual,6,2000,12000,CUST-108,Apex Analytics,Financial Services,Northeast,John Smith,Wire,Completed,Q4 2023
TXN222,2023-10-31,SKU-1002,Support Package Premium,5,1500,7500,CUST-109,Summit Financial,Financial Services,Northeast,John Smith,ACH,Completed,Q4 2023
TXN223,2023-11-03,SKU-1003,Data Analytics Module,3,5000,15000,CUST-110,Riverstone Tech,SaaS,West,Sarah Jones,CC,Completed,Q4 2023
TXN224,2023-11-06,SKU-1004,Implementation Services,18,500,9000,CUST-111,BlueSky Ventures,Technology,Midwest,Emily Davis,ACH,Completed,Q4 2023
TXN225,2023-11-09,SKU-1005,Training Enablement,7,800,5600,CUST-112,PeakData Corp,Consulting,Southwest,Robert Taylor,CC,Completed,Q4 2023
TXN226,2023-11-12,SKU-1001,Cloud License Annual,4,2000,8000,CUST-113,Horizon Group,Healthcare,Southeast,Mike Chen,Wire,Cancelled,Q4 2023
TXN227,2023-11-15,SKU-1002,Support Package Premium,6,1500,9000,CUST-114,Sterling Partners,Consulting,Northeast,John Smith,ACH,Completed,Q4 2023
TXN228,2023-11-18,SKU-1003,Data Analytics Module,5,5000,25000,CUST-115,Quantum Analytics,Technology,West,Sarah Jones,CC,Completed,Q4 2023
TXN229,2023-11-21,SKU-1004,Implementation Services,14,500,7000,CUST-101,Acme Corp,Technology,Northeast,John Smith,ACH,Completed,Q4 2023
TXN230,2023-11-24,SKU-1005,Training Enablement,8,800,6400,CUST-102,TechFlow Inc,SaaS,West,Sarah Jones,CC,Completed,Q4 2023
TXN231,2023-11-27,SKU-1001,Cloud License Annual,9,2000,18000,CUST-103,FinServe Partners,Financial Services,Southeast,Mike Chen,Wire,Completed,Q4 2023
TXN232,2023-11-30,SKU-1002,Support Package Premium,4,1500,6000,CUST-104,DataVault Solutions,Technology,Midwest,Emily Davis,ACH,Completed,Q4 2023
TXN233,2023-12-03,SKU-1003,Data Analytics Module,6,5000,30000,CUST-105,Nexus Consulting,Consulting,Southwest,Robert Taylor,CC,Completed,Q4 2023
TXN234,2023-12-06,SKU-1004,Implementation Services,13,500,6500,CUST-106,CloudBridge LLC,Technology,West,Sarah Jones,ACH,Pending,Q4 2023
TXN235,2023-12-09,SKU-1005,Training Enablement,5,800,4000,CUST-107,Meridian Systems,Healthcare,Southeast,Mike Chen,CC,Completed,Q4 2023
TXN236,2023-12-12,SKU-1001,Cloud License Annual,7,2000,14000,CUST-108,Apex Analytics,Financial Services,Northeast,John Smith,Wire,Completed,Q4 2023
TXN237,2023-12-15,SKU-1002,Support Package Premium,5,1500,7500,CUST-109,Summit Financial,Financial Services,Northeast,John Smith,ACH,Completed,Q4 2023
TXN238,2023-12-18,SKU-1003,Data Analytics Module,4,5000,20000,CUST-110,Riverstone Tech,SaaS,West,Sarah Jones,CC,Completed,Q4 2023
TXN239,2023-12-21,SKU-1004,Implementation Services,9,500,4500,CUST-111,BlueSky Ventures,Technology,Midwest,Emily Davis,ACH,Completed,Q4 2023
TXN240,2023-12-24,SKU-1005,Training Enablement,6,800,4800,CUST-112,PeakData Corp,Consulting,Southwest,Robert Taylor,CC,Completed,Q4 2023
TXN241,2023-12-27,SKU-1001,Cloud License Annual,3,2000,6000,CUST-113,Horizon Group,Healthcare,Southeast,Mike Chen,Wire,Completed,Q4 2023
TXN242,2023-12-30,SKU-1002,Support Package Premium,7,1500,10500,CUST-114,Sterling Partners,Consulting,Northeast,John Smith,ACH,Completed,Q4 2023
TXN243,2024-01-03,SKU-1003,Data Analytics Module,5,5000,25000,CUST-115,Quantum Analytics,Technology,West,Sarah Jones,CC,Completed,Q1 2024
TXN244,2024-01-06,SKU-1004,Implementation Services,16,500,8000,CUST-101,Acme Corp,Technology,Northeast,John Smith,ACH,Completed,Q1 2024
TXN245,2024-01-09,SKU-1005,Training Enablement,4,800,3200,CUST-102,TechFlow Inc,SaaS,West,Sarah Jones,CC,Completed,Q1 2024
TXN246,2024-01-12,SKU-1001,Cloud License Annual,7,2000,14000,CUST-103,FinServe Partners,Financial Services,Southeast,Mike Chen,Wire,Completed,Q1 2024
TXN247,2024-01-15,SKU-1002,Support Package Premium,3,1500,4500,CUST-104,DataVault Solutions,Technology,Midwest,Emily Davis,ACH,Completed,Q1 2024
TXN248,2024-01-18,SKU-1003,Data Analytics Module,8,5000,40000,CUST-105,Nexus Consulting,Consulting,Southwest,Robert Taylor,CC,Completed,Q1 2024
TXN249,2024-01-21,SKU-1004,Implementation Services,10,500,5000,CUST-106,CloudBridge LLC,Technology,West,Sarah Jones,ACH,Completed,Q1 2024
TXN250,2024-01-24,SKU-1005,Training Enablement,5,800,4000,CUST-107,Meridian Systems,Healthcare,Southeast,Mike Chen,CC,Pending,Q1 2024
TXN251,2024-01-27,SKU-1001,Cloud License Annual,6,2000,12000,CUST-108,Apex Analytics,Financial Services,Northeast,John Smith,Wire,Completed,Q1 2024
TXN252,2024-01-30,SKU-1002,Support Package Premium,4,1500,6000,CUST-109,Summit Financial,Financial Services,Northeast,John Smith,ACH,Completed,Q1 2024
TXN253,2024-02-02,SKU-1003,Data Analytics Module,3,5000,15000,CUST-110,Riverstone Tech,SaaS,West,Sarah Jones,CC,Completed,Q1 2024
TXN254,2024-02-05,SKU-1004,Implementation Services,12,500,6000,CUST-111,BlueSky Ventures,Technology,Midwest,Emily Davis,ACH,Completed,Q1 2024
TXN255,2024-02-08,SKU-1005,Training Enablement,7,800,5600,CUST-112,PeakData Corp,Consulting,Southwest,Robert Taylor,CC,Completed,Q1 2024
TXN256,2024-02-11,SKU-1001,Cloud License Annual,5,2000,10000,CUST-113,Horizon Group,Healthcare,Southeast,Mike Chen,Wire,Completed,Q1 2024
TXN257,2024-02-14,SKU-1002,Support Package Premium,6,1500,9000,CUST-114,Sterling Partners,Consulting,Northeast,John Smith,ACH,Completed,Q1 2024
TXN258,2024-02-17,SKU-1003,Data Analytics Module,4,5000,20000,CUST-115,Quantum Analytics,Technology,West,Sarah Jones,CC,Completed,Q1 2024
TXN259,2024-02-20,SKU-1004,Implementation Services,15,500,7500,CUST-101,Acme Corp,Technology,Northeast,John Smith,ACH,Completed,Q1 2024
TXN260,2024-02-23,SKU-1005,Training Enablement,3,800,2400,CUST-102,TechFlow Inc,SaaS,West,Sarah Jones,CC,Completed,Q1 2024
TXN261,2024-02-26,SKU-1001,Cloud License Annual,8,2000,16000,CUST-103,FinServe Partners,Financial Services,Southeast,Mike Chen,Wire,Cancelled,Q1 2024
TXN262,2024-03-01,SKU-1002,Support Package Premium,5,1500,7500,CUST-104,DataVault Solutions,Technology,Midwest,Emily Davis,ACH,Completed,Q1 2024
TXN263,2024-03-04,SKU-1003,Data Analytics Module,6,5000,30000,CUST-105,Nexus Consulting,Consulting,Southwest,Robert Taylor,CC,Completed,Q1 2024
TXN264,2024-03-07,SKU-1004,Implementation Services,11,500,5500,CUST-106,CloudBridge LLC,Technology,West,Sarah Jones,ACH,Completed,Q1 2024
TXN265,2024-03-10,SKU-1005,Training Enablement,6,800,4800,CUST-107,Meridian Systems,Healthcare,Southeast,Mike Chen,CC,Completed,Q1 2024
TXN266,2024-03-13,SKU-1001,Cloud License Annual,4,2000,8000,CUST-108,Apex Analytics,Financial Services,Northeast,John Smith,Wire,Completed,Q1 2024
TXN267,2024-03-16,SKU-1002,Support Package Premium,7,1500,10500,CUST-109,Summit Financial,Financial Services,Northeast,John Smith,ACH,Completed,Q1 2024
TXN268,2024-03-19,SKU-1003,Data Analytics Module,5,5000,25000,CUST-110,Riverstone Tech,SaaS,West,Sarah Jones,CC,Completed,Q1 2024
TXN269,2024-03-22,SKU-1004,Implementation Services,14,500,7000,CUST-111,BlueSky Ventures,Technology,Midwest,Emily Davis,ACH,Pending,Q1 2024
TXN270,2024-03-25,SKU-1005,Training Enablement,8,800,6400,CUST-112,PeakData Corp,Consulting,Southwest,Robert Taylor,CC,Completed,Q1 2024
TXN271,2024-03-28,SKU-1001,Cloud License Annual,6,2000,12000,CUST-113,Horizon Group,Healthcare,Southeast,Mike Chen,Wire,Completed,Q1 2024
TXN272,2024-03-31,SKU-1002,Support Package Premium,4,1500,6000,CUST-114,Sterling Partners,Consulting,Northeast,John Smith,ACH,Completed,Q1 2024
TXN273,2023-01-03,SKU-1003,Data Analytics Module,2,5000,10000,CUST-115,Quantum Analytics,Technology,West,Sarah Jones,CC,Completed,Q1 2023
TXN274,2023-01-06,SKU-1004,Implementation Services,6,500,3000,CUST-101,Acme Corp,Technology,Northeast,John Smith,ACH,Completed,Q1 2023
TXN275,2023-01-09,SKU-1001,Cloud License Annual,4,2000,8000,CUST-102,TechFlow Inc,SaaS,West,Sarah Jones,Wire,Completed,Q1 2023
TXN276,2023-01-12,SKU-1005,Training Enablement,3,800,2400,CUST-103,FinServe Partners,Financial Services,Southeast,Mike Chen,ACH,Completed,Q1 2023
TXN277,2023-01-15,SKU-1002,Support Package Premium,4,1500,6000,CUST-104,DataVault Solutions,Technology,Midwest,Emily Davis,CC,Completed,Q1 2023
TXN278,2023-01-18,SKU-1003,Data Analytics Module,1,5000,5000,CUST-105,Nexus Consulting,Consulting,Southwest,Robert Taylor,ACH,Pending,Q1 2023
TXN279,2023-01-21,SKU-1004,Implementation Services,9,500,4500,CUST-106,CloudBridge LLC,Technology,West,Sarah Jones,CC,Completed,Q1 2023
TXN280,2023-01-24,SKU-1001,Cloud License Annual,7,2000,14000,CUST-107,Meridian Systems,Healthcare,Southeast,Mike Chen,Wire,Completed,Q1 2023
TXN281,2023-01-27,SKU-1005,Training Enablement,5,800,4000,CUST-108,Apex Analytics,Financial Services,Northeast,John Smith,ACH,Completed,Q1 2023
TXN282,2023-01-30,SKU-1002,Support Package Premium,3,1500,4500,CUST-109,Summit Financial,Financial Services,Northeast,John Smith,CC,Completed,Q1 2023
TXN283,2023-02-02,SKU-1003,Data Analytics Module,3,5000,15000,CUST-110,Riverstone Tech,SaaS,West,Sarah Jones,ACH,Completed,Q1 2023
TXN284,2023-02-05,SKU-1004,Implementation Services,11,500,5500,CUST-111,BlueSky Ventures,Technology,Midwest,Emily Davis,CC,Completed,Q1 2023
TXN285,2023-02-08,SKU-1001,Cloud License Annual,5,2000,10000,CUST-112,PeakData Corp,Consulting,Southwest,Robert Taylor,Wire,Completed,Q1 2023
TXN286,2023-02-11,SKU-1005,Training Enablement,4,800,3200,CUST-113,Horizon Group,Healthcare,Southeast,Mike Chen,ACH,Completed,Q1 2023
TXN287,2023-02-14,SKU-1002,Support Package Premium,6,1500,9000,CUST-114,Sterling Partners,Consulting,Northeast,John Smith,CC,Cancelled,Q1 2023
TXN288,2023-02-17,SKU-1003,Data Analytics Module,2,5000,10000,CUST-115,Quantum Analytics,Technology,West,Sarah Jones,ACH,Completed,Q1 2023
TXN289,2023-02-20,SKU-1004,Implementation Services,8,500,4000,CUST-101,Acme Corp,Technology,Northeast,John Smith,CC,Completed,Q1 2023
TXN290,2023-02-23,SKU-1001,Cloud License Annual,6,2000,12000,CUST-102,TechFlow Inc,SaaS,West,Sarah Jones,Wire,Completed,Q1 2023
TXN291,2023-02-26,SKU-1005,Training Enablement,7,800,5600,CUST-103,FinServe Partners,Financial Services,Southeast,Mike Chen,ACH,Completed,Q1 2023
TXN292,2023-03-01,SKU-1002,Support Package Premium,4,1500,6000,CUST-104,DataVault Solutions,Technology,Midwest,Emily Davis,CC,Completed,Q1 2023
TXN293,2023-03-04,SKU-1003,Data Analytics Module,4,5000,20000,CUST-105,Nexus Consulting,Consulting,Southwest,Robert Taylor,ACH,Completed,Q1 2023
TXN294,2023-03-07,SKU-1004,Implementation Services,14,500,7000,CUST-106,CloudBridge LLC,Technology,West,Sarah Jones,CC,Completed,Q1 2023
TXN295,2023-03-10,SKU-1001,Cloud License Annual,8,2000,16000,CUST-107,Meridian Systems,Healthcare,Southeast,Mike Chen,Wire,Pending,Q1 2023
TXN296,2023-03-13,SKU-1005,Training Enablement,5,800,4000,CUST-108,Apex Analytics,Financial Services,Northeast,John Smith,ACH,Completed,Q1 2023
TXN297,2023-03-16,SKU-1002,Support Package Premium,2,1500,3000,CUST-109,Summit Financial,Financial Services,Northeast,John Smith,CC,Completed,Q1 2023
TXN298,2023-03-19,SKU-1003,Data Analytics Module,5,5000,25000,CUST-110,Riverstone Tech,SaaS,West,Sarah Jones,ACH,Completed,Q1 2023
TXN299,2023-03-22,SKU-1004,Implementation Services,7,500,3500,CUST-111,BlueSky Ventures,Technology,Midwest,Emily Davis,CC,Completed,Q1 2023
TXN300,2023-03-25,SKU-1001,Cloud License Annual,3,2000,6000,CUST-112,PeakData Corp,Consulting,Southwest,Robert Taylor,Wire,Completed,Q1 2023
TXN301,2023-07-03,SKU-1005,Training Enablement,6,800,4800,CUST-113,Horizon Group,Healthcare,Southeast,Mike Chen,ACH,Completed,Q3 2023
TXN302,2023-07-06,SKU-1002,Support Package Premium,5,1500,7500,CUST-114,Sterling Partners,Consulting,Northeast,John Smith,CC,Completed,Q3 2023
TXN303,2023-07-09,SKU-1003,Data Analytics Module,2,5000,10000,CUST-115,Quantum Analytics,Technology,West,Sarah Jones,Wire,Completed,Q3 2023
TXN304,2023-07-12,SKU-1004,Implementation Services,18,500,9000,CUST-101,Acme Corp,Technology,Northeast,John Smith,ACH,Completed,Q3 2023
TXN305,2023-07-15,SKU-1001,Cloud License Annual,7,2000,14000,CUST-102,TechFlow Inc,SaaS,West,Sarah Jones,CC,Completed,Q3 2023
TXN306,2023-07-18,SKU-1005,Training Enablement,4,800,3200,CUST-103,FinServe Partners,Financial Services,Southeast,Mike Chen,ACH,Cancelled,Q3 2023
TXN307,2023-07-21,SKU-1002,Support Package Premium,6,1500,9000,CUST-104,DataVault Solutions,Technology,Midwest,Emily Davis,CC,Completed,Q3 2023
TXN308,2023-07-24,SKU-1003,Data Analytics Module,5,5000,25000,CUST-105,Nexus Consulting,Consulting,Southwest,Robert Taylor,ACH,Completed,Q3 2023
TXN309,2023-07-27,SKU-1004,Implementation Services,12,500,6000,CUST-106,CloudBridge LLC,Technology,West,Sarah Jones,CC,Completed,Q3 2023
TXN310,2023-07-30,SKU-1001,Cloud License Annual,9,2000,18000,CUST-107,Meridian Systems,Healthcare,Southeast,Mike Chen,Wire,Completed,Q3 2023
TXN311,2023-08-02,SKU-1005,Training Enablement,7,800,5600,CUST-108,Apex Analytics,Financial Services,Northeast,John Smith,ACH,Completed,Q3 2023
TXN312,2023-08-05,SKU-1002,Support Package Premium,3,1500,4500,CUST-109,Summit Financial,Financial Services,Northeast,John Smith,CC,Completed,Q3 2023
TXN313,2023-08-08,SKU-1003,Data Analytics Module,4,5000,20000,CUST-110,Riverstone Tech,SaaS,West,Sarah Jones,ACH,Pending,Q3 2023
TXN314,2023-08-11,SKU-1004,Implementation Services,10,500,5000,CUST-111,BlueSky Ventures,Technology,Midwest,Emily Davis,CC,Completed,Q3 2023
TXN315,2023-08-14,SKU-1001,Cloud License Annual,5,2000,10000,CUST-112,PeakData Corp,Consulting,Southwest,Robert Taylor,Wire,Completed,Q3 2023
TXN316,2023-08-17,SKU-1005,Training Enablement,8,800,6400,CUST-113,Horizon Group,Healthcare,Southeast,Mike Chen,ACH,Completed,Q3 2023
TXN317,2023-08-20,SKU-1002,Support Package Premium,4,1500,6000,CUST-114,Sterling Partners,Consulting,Northeast,John Smith,CC,Completed,Q3 2023
TXN318,2023-08-23,SKU-1003,Data Analytics Module,6,5000,30000,CUST-115,Quantum Analytics,Technology,West,Sarah Jones,ACH,Completed,Q3 2023
TXN319,2023-08-26,SKU-1004,Implementation Services,15,500,7500,CUST-101,Acme Corp,Technology,Northeast,John Smith,CC,Completed,Q3 2023
TXN320,2023-08-29,SKU-1001,Cloud License Annual,6,2000,12000,CUST-102,TechFlow Inc,SaaS,West,Sarah Jones,Wire,Completed,Q3 2023
TXN321,2023-09-01,SKU-1005,Training Enablement,5,800,4000,CUST-103,FinServe Partners,Financial Services,Southeast,Mike Chen,ACH,Completed,Q3 2023
TXN322,2023-09-04,SKU-1002,Support Package Premium,7,1500,10500,CUST-104,DataVault Solutions,Technology,Midwest,Emily Davis,CC,Completed,Q3 2023
TXN323,2023-09-07,SKU-1003,Data Analytics Module,3,5000,15000,CUST-105,Nexus Consulting,Consulting,Southwest,Robert Taylor,ACH,Completed,Q3 2023
TXN324,2023-09-10,SKU-1004,Implementation Services,9,500,4500,CUST-106,CloudBridge LLC,Technology,West,Sarah Jones,CC,Completed,Q3 2023
TXN325,2023-09-13,SKU-1001,Cloud License Annual,7,2000,14000,CUST-107,Meridian Systems,Healthcare,Southeast,Mike Chen,Wire,Cancelled,Q3 2023
TXN326,2023-09-16,SKU-1005,Training Enablement,6,800,4800,CUST-108,Apex Analytics,Financial Services,Northeast,John Smith,ACH,Completed,Q3 2023
TXN327,2023-09-19,SKU-1002,Support Package Premium,4,1500,6000,CUST-109,Summit Financial,Financial Services,Northeast,John Smith,CC,Completed,Q3 2023
TXN328,2023-09-22,SKU-1003,Data Analytics Module,5,5000,25000,CUST-110,Riverstone Tech,SaaS,West,Sarah Jones,ACH,Completed,Q3 2023
TXN329,2023-09-25,SKU-1004,Implementation Services,13,500,6500,CUST-111,BlueSky Ventures,Technology,Midwest,Emily Davis,CC,Completed,Q3 2023
TXN330,2023-09-28,SKU-1001,Cloud License Annual,4,2000,8000,CUST-112,PeakData Corp,Consulting,Southwest,Robert Taylor,Wire,Completed,Q3 2023
TXN331,2023-10-02,SKU-1005,Training Enablement,5,800,4000,CUST-113,Horizon Group,Healthcare,Southeast,Mike Chen,ACH,Completed,Q4 2023
TXN332,2023-10-05,SKU-1002,Support Package Premium,5,1500,7500,CUST-114,Sterling Partners,Consulting,Northeast,John Smith,CC,Completed,Q4 2023
TXN333,2023-10-08,SKU-1003,Data Analytics Module,4,5000,20000,CUST-115,Quantum Analytics,Technology,West,Sarah Jones,Wire,Completed,Q4 2023
TXN334,2023-10-11,SKU-1004,Implementation Services,17,500,8500,CUST-101,Acme Corp,Technology,Northeast,John Smith,ACH,Completed,Q4 2023
TXN335,2023-10-14,SKU-1001,Cloud License Annual,8,2000,16000,CUST-102,TechFlow Inc,SaaS,West,Sarah Jones,CC,Pending,Q4 2023
TXN336,2023-10-17,SKU-1005,Training Enablement,6,800,4800,CUST-103,FinServe Partners,Financial Services,Southeast,Mike Chen,ACH,Completed,Q4 2023
TXN337,2023-10-20,SKU-1002,Support Package Premium,3,1500,4500,CUST-104,DataVault Solutions,Technology,Midwest,Emily Davis,CC,Completed,Q4 2023
TXN338,2023-10-23,SKU-1003,Data Analytics Module,7,5000,35000,CUST-105,Nexus Consulting,Consulting,Southwest,Robert Taylor,ACH,Completed,Q4 2023
TXN339,2023-10-26,SKU-1004,Implementation Services,11,500,5500,CUST-106,CloudBridge LLC,Technology,West,Sarah Jones,CC,Completed,Q4 2023
TXN340,2023-10-29,SKU-1001,Cloud License Annual,5,2000,10000,CUST-107,Meridian Systems,Healthcare,Southeast,Mike Chen,Wire,Completed,Q4 2023
TXN341,2023-11-01,SKU-1005,Training Enablement,4,800,3200,CUST-108,Apex Analytics,Financial Services,Northeast,John Smith,ACH,Completed,Q4 2023
TXN342,2023-11-04,SKU-1002,Support Package Premium,6,1500,9000,CUST-109,Summit Financial,Financial Services,Northeast,John Smith,CC,Completed,Q4 2023
TXN343,2023-11-07,SKU-1003,Data Analytics Module,3,5000,15000,CUST-110,Riverstone Tech,SaaS,West,Sarah Jones,ACH,Completed,Q4 2023
TXN344,2023-11-10,SKU-1004,Implementation Services,8,500,4000,CUST-111,BlueSky Ventures,Technology,Midwest,Emily Davis,CC,Cancelled,Q4 2023
TXN345,2023-11-13,SKU-1001,Cloud License Annual,7,2000,14000,CUST-112,PeakData Corp,Consulting,Southwest,Robert Taylor,Wire,Completed,Q4 2023
TXN346,2023-11-16,SKU-1005,Training Enablement,8,800,6400,CUST-113,Horizon Group,Healthcare,Southeast,Mike Chen,ACH,Completed,Q4 2023
TXN347,2023-11-19,SKU-1002,Support Package Premium,4,1500,6000,CUST-114,Sterling Partners,Consulting,Northeast,John Smith,CC,Completed,Q4 2023
TXN348,2023-11-22,SKU-1003,Data Analytics Module,5,5000,25000,CUST-115,Quantum Analytics,Technology,West,Sarah Jones,ACH,Completed,Q4 2023
TXN349,2023-11-25,SKU-1004,Implementation Services,12,500,6000,CUST-101,Acme Corp,Technology,Northeast,John Smith,CC,Completed,Q4 2023
TXN350,2023-11-28,SKU-1001,Cloud License Annual,6,2000,12000,CUST-102,TechFlow Inc,SaaS,West,Sarah Jones,Wire,Completed,Q4 2023
TXN351,2023-12-01,SKU-1005,Training Enablement,5,800,4000,CUST-103,FinServe Partners,Financial Services,Southeast,Mike Chen,ACH,Pending,Q4 2023
TXN352,2023-12-04,SKU-1002,Support Package Premium,7,1500,10500,CUST-104,DataVault Solutions,Technology,Midwest,Emily Davis,CC,Completed,Q4 2023
TXN353,2023-12-07,SKU-1003,Data Analytics Module,4,5000,20000,CUST-105,Nexus Consulting,Consulting,Southwest,Robert Taylor,ACH,Completed,Q4 2023
TXN354,2023-12-10,SKU-1004,Implementation Services,16,500,8000,CUST-106,CloudBridge LLC,Technology,West,Sarah Jones,CC,Completed,Q4 2023
TXN355,2023-12-13,SKU-1001,Cloud License Annual,9,2000,18000,CUST-107,Meridian Systems,Healthcare,Southeast,Mike Chen,Wire,Completed,Q4 2023
TXN356,2023-12-16,SKU-1005,Training Enablement,6,800,4800,CUST-108,Apex Analytics,Financial Services,Northeast,John Smith,ACH,Completed,Q4 2023
TXN357,2023-12-19,SKU-1002,Support Package Premium,3,1500,4500,CUST-109,Summit Financial,Financial Services,Northeast,John Smith,CC,Completed,Q4 2023
TXN358,2023-12-22,SKU-1003,Data Analytics Module,8,5000,40000,CUST-110,Riverstone Tech,SaaS,West,Sarah Jones,ACH,Completed,Q4 2023
TXN359,2023-12-25,SKU-1004,Implementation Services,7,500,3500,CUST-111,BlueSky Ventures,Technology,Midwest,Emily Davis,CC,Completed,Q4 2023
TXN360,2023-12-28,SKU-1001,Cloud License Annual,4,2000,8000,CUST-112,PeakData Corp,Consulting,Southwest,Robert Taylor,Wire,Completed,Q4 2023
TXN361,2023-12-31,SKU-1005,Training Enablement,7,800,5600,CUST-113,Horizon Group,Healthcare,Southeast,Mike Chen,ACH,Completed,Q4 2023
TXN362,2024-01-04,SKU-1002,Support Package Premium,5,1500,7500,CUST-114,Sterling Partners,Consulting,Northeast,John Smith,CC,Completed,Q1 2024
TXN363,2024-01-07,SKU-1003,Data Analytics Module,3,5000,15000,CUST-115,Quantum Analytics,Technology,West,Sarah Jones,ACH,Completed,Q1 2024
TXN364,2024-01-10,SKU-1004,Implementation Services,13,500,6500,CUST-101,Acme Corp,Technology,Northeast,John Smith,CC,Completed,Q1 2024
TXN365,2024-01-13,SKU-1001,Cloud License Annual,7,2000,14000,CUST-102,TechFlow Inc,SaaS,West,Sarah Jones,Wire,Pending,Q1 2024
TXN366,2024-01-16,SKU-1005,Training Enablement,4,800,3200,CUST-103,FinServe Partners,Financial Services,Southeast,Mike Chen,ACH,Completed,Q1 2024
TXN367,2024-01-19,SKU-1002,Support Package Premium,6,1500,9000,CUST-104,DataVault Solutions,Technology,Midwest,Emily Davis,CC,Completed,Q1 2024
TXN368,2024-01-22,SKU-1003,Data Analytics Module,5,5000,25000,CUST-105,Nexus Consulting,Consulting,Southwest,Robert Taylor,ACH,Completed,Q1 2024
TXN369,2024-01-25,SKU-1004,Implementation Services,9,500,4500,CUST-106,CloudBridge LLC,Technology,West,Sarah Jones,CC,Completed,Q1 2024
TXN370,2024-01-28,SKU-1001,Cloud License Annual,8,2000,16000,CUST-107,Meridian Systems,Healthcare,Southeast,Mike Chen,Wire,Completed,Q1 2024
TXN371,2024-01-31,SKU-1005,Training Enablement,5,800,4000,CUST-108,Apex Analytics,Financial Services,Northeast,John Smith,ACH,Completed,Q1 2024
TXN372,2024-02-03,SKU-1002,Support Package Premium,4,1500,6000,CUST-109,Summit Financial,Financial Services,Northeast,John Smith,CC,Completed,Q1 2024
TXN373,2024-02-06,SKU-1003,Data Analytics Module,6,5000,30000,CUST-110,Riverstone Tech,SaaS,West,Sarah Jones,ACH,Cancelled,Q1 2024
TXN374,2024-02-09,SKU-1004,Implementation Services,11,500,5500,CUST-111,BlueSky Ventures,Technology,Midwest,Emily Davis,CC,Completed,Q1 2024
TXN375,2024-02-12,SKU-1001,Cloud License Annual,5,2000,10000,CUST-112,PeakData Corp,Consulting,Southwest,Robert Taylor,Wire,Completed,Q1 2024
TXN376,2024-02-15,SKU-1005,Training Enablement,7,800,5600,CUST-113,Horizon Group,Healthcare,Southeast,Mike Chen,ACH,Completed,Q1 2024
TXN377,2024-02-18,SKU-1002,Support Package Premium,3,1500,4500,CUST-114,Sterling Partners,Consulting,Northeast,John Smith,CC,Completed,Q1 2024
TXN378,2024-02-21,SKU-1003,Data Analytics Module,4,5000,20000,CUST-115,Quantum Analytics,Technology,West,Sarah Jones,ACH,Completed,Q1 2024
TXN379,2024-02-24,SKU-1004,Implementation Services,16,500,8000,CUST-101,Acme Corp,Technology,Northeast,John Smith,CC,Completed,Q1 2024
TXN380,2024-02-27,SKU-1001,Cloud License Annual,6,2000,12000,CUST-102,TechFlow Inc,SaaS,West,Sarah Jones,Wire,Completed,Q1 2024
TXN381,2024-03-01,SKU-1005,Training Enablement,5,800,4000,CUST-103,FinServe Partners,Financial Services,Southeast,Mike Chen,ACH,Completed,Q1 2024
TXN382,2024-03-04,SKU-1002,Support Package Premium,6,1500,9000,CUST-104,DataVault Solutions,Technology,Midwest,Emily Davis,CC,Completed,Q1 2024
TXN383,2024-03-07,SKU-1003,Data Analytics Module,7,5000,35000,CUST-105,Nexus Consulting,Consulting,Southwest,Robert Taylor,ACH,Pending,Q1 2024
TXN384,2024-03-10,SKU-1004,Implementation Services,10,500,5000,CUST-106,CloudBridge LLC,Technology,West,Sarah Jones,CC,Completed,Q1 2024
TXN385,2024-03-13,SKU-1001,Cloud License Annual,4,2000,8000,CUST-107,Meridian Systems,Healthcare,Southeast,Mike Chen,Wire,Completed,Q1 2024
TXN386,2024-03-16,SKU-1005,Training Enablement,8,800,6400,CUST-108,Apex Analytics,Financial Services,Northeast,John Smith,ACH,Completed,Q1 2024
TXN387,2024-03-19,SKU-1002,Support Package Premium,4,1500,6000,CUST-109,Summit Financial,Financial Services,Northeast,John Smith,CC,Completed,Q1 2024
TXN388,2024-03-22,SKU-1003,Data Analytics Module,5,5000,25000,CUST-110,Riverstone Tech,SaaS,West,Sarah Jones,ACH,Completed,Q1 2024
TXN389,2024-03-25,SKU-1004,Implementation Services,14,500,7000,CUST-111,BlueSky Ventures,Technology,Midwest,Emily Davis,CC,Completed,Q1 2024
TXN390,2024-03-28,SKU-1001,Cloud License Annual,7,2000,14000,CUST-112,PeakData Corp,Consulting,Southwest,Robert Taylor,Wire,Completed,Q1 2024
TXN391,2023-04-01,SKU-1001,Cloud License Annual,5,2000,10000,CUST-113,Horizon Group,Healthcare,Southeast,Mike Chen,ACH,Completed,Q2 2023
TXN392,2023-04-04,SKU-1003,Data Analytics Module,4,5000,20000,CUST-114,Sterling Partners,Consulting,Northeast,John Smith,CC,Completed,Q2 2023
TXN393,2023-04-07,SKU-1004,Implementation Services,13,500,6500,CUST-115,Quantum Analytics,Technology,West,Sarah Jones,ACH,Completed,Q2 2023
TXN394,2023-04-10,SKU-1005,Training Enablement,6,800,4800,CUST-101,Acme Corp,Technology,Northeast,John Smith,CC,Pending,Q2 2023
TXN395,2023-04-13,SKU-1002,Support Package Premium,4,1500,6000,CUST-102,TechFlow Inc,SaaS,West,Sarah Jones,Wire,Completed,Q2 2023
TXN396,2023-04-16,SKU-1001,Cloud License Annual,8,2000,16000,CUST-103,FinServe Partners,Financial Services,Southeast,Mike Chen,ACH,Completed,Q2 2023
TXN397,2023-04-19,SKU-1003,Data Analytics Module,2,5000,10000,CUST-104,DataVault Solutions,Technology,Midwest,Emily Davis,CC,Completed,Q2 2023
TXN398,2023-04-22,SKU-1004,Implementation Services,10,500,5000,CUST-105,Nexus Consulting,Consulting,Southwest,Robert Taylor,ACH,Completed,Q2 2023
TXN399,2023-04-25,SKU-1005,Training Enablement,5,800,4000,CUST-106,CloudBridge LLC,Technology,West,Sarah Jones,CC,Completed,Q2 2023
TXN400,2023-04-28,SKU-1002,Support Package Premium,7,1500,10500,CUST-107,Meridian Systems,Healthcare,Southeast,Mike Chen,Wire,Completed,Q2 2023
TXN401,2023-05-01,SKU-1001,Cloud License Annual,6,2000,12000,CUST-108,Apex Analytics,Financial Services,Northeast,John Smith,ACH,Completed,Q2 2023
TXN402,2023-05-04,SKU-1003,Data Analytics Module,3,5000,15000,CUST-109,Summit Financial,Financial Services,Northeast,John Smith,CC,Completed,Q2 2023
TXN403,2023-05-07,SKU-1004,Implementation Services,15,500,7500,CUST-110,Riverstone Tech,SaaS,West,Sarah Jones,ACH,Cancelled,Q2 2023
TXN404,2023-05-10,SKU-1005,Training Enablement,4,800,3200,CUST-111,BlueSky Ventures,Technology,Midwest,Emily Davis,CC,Completed,Q2 2023
TXN405,2023-05-13,SKU-1002,Support Package Premium,5,1500,7500,CUST-112,PeakData Corp,Consulting,Southwest,Robert Taylor,Wire,Completed,Q2 2023
TXN406,2023-05-16,SKU-1001,Cloud License Annual,9,2000,18000,CUST-113,Horizon Group,Healthcare,Southeast,Mike Chen,ACH,Completed,Q2 2023
TXN407,2023-05-19,SKU-1003,Data Analytics Module,6,5000,30000,CUST-114,Sterling Partners,Consulting,Northeast,John Smith,CC,Completed,Q2 2023
TXN408,2023-05-22,SKU-1004,Implementation Services,12,500,6000,CUST-115,Quantum Analytics,Technology,West,Sarah Jones,ACH,Completed,Q2 2023
TXN409,2023-05-25,SKU-1005,Training Enablement,7,800,5600,CUST-101,Acme Corp,Technology,Northeast,John Smith,CC,Completed,Q2 2023
TXN410,2023-05-28,SKU-1002,Support Package Premium,3,1500,4500,CUST-102,TechFlow Inc,SaaS,West,Sarah Jones,Wire,Completed,Q2 2023
TXN411,2023-05-31,SKU-1001,Cloud License Annual,4,2000,8000,CUST-103,FinServe Partners,Financial Services,Southeast,Mike Chen,ACH,Pending,Q2 2023
TXN412,2023-06-03,SKU-1003,Data Analytics Module,5,5000,25000,CUST-104,DataVault Solutions,Technology,Midwest,Emily Davis,CC,Completed,Q2 2023
TXN413,2023-06-06,SKU-1004,Implementation Services,8,500,4000,CUST-105,Nexus Consulting,Consulting,Southwest,Robert Taylor,ACH,Completed,Q2 2023
TXN414,2023-06-09,SKU-1005,Training Enablement,5,800,4000,CUST-106,CloudBridge LLC,Technology,West,Sarah Jones,CC,Completed,Q2 2023
TXN415,2023-06-12,SKU-1002,Support Package Premium,6,1500,9000,CUST-107,Meridian Systems,Healthcare,Southeast,Mike Chen,Wire,Completed,Q2 2023
TXN416,2023-06-15,SKU-1001,Cloud License Annual,7,2000,14000,CUST-108,Apex Analytics,Financial Services,Northeast,John Smith,ACH,Completed,Q2 2023
TXN417,2023-06-18,SKU-1003,Data Analytics Module,4,5000,20000,CUST-109,Summit Financial,Financial Services,Northeast,John Smith,CC,Completed,Q2 2023
TXN418,2023-06-21,SKU-1004,Implementation Services,11,500,5500,CUST-110,Riverstone Tech,SaaS,West,Sarah Jones,ACH,Completed,Q2 2023
TXN419,2023-06-24,SKU-1005,Training Enablement,6,800,4800,CUST-111,BlueSky Ventures,Technology,Midwest,Emily Davis,CC,Completed,Q2 2023
TXN420,2023-06-27,SKU-1002,Support Package Premium,4,1500,6000,CUST-112,PeakData Corp,Consulting,Southwest,Robert Taylor,Wire,Cancelled,Q2 2023
TXN421,2023-06-30,SKU-1001,Cloud License Annual,5,2000,10000,CUST-113,Horizon Group,Healthcare,Southeast,Mike Chen,ACH,Completed,Q2 2023
TXN422,2023-10-03,SKU-1003,Data Analytics Module,7,5000,35000,CUST-114,Sterling Partners,Consulting,Northeast,John Smith,CC,Completed,Q4 2023
TXN423,2023-10-06,SKU-1004,Implementation Services,14,500,7000,CUST-115,Quantum Analytics,Technology,West,Sarah Jones,ACH,Completed,Q4 2023
TXN424,2023-10-09,SKU-1005,Training Enablement,5,800,4000,CUST-101,Acme Corp,Technology,Northeast,John Smith,CC,Completed,Q4 2023
TXN425,2023-10-12,SKU-1002,Support Package Premium,6,1500,9000,CUST-102,TechFlow Inc,SaaS,West,Sarah Jones,Wire,Completed,Q4 2023
TXN426,2023-10-15,SKU-1001,Cloud License Annual,8,2000,16000,CUST-103,FinServe Partners,Financial Services,Southeast,Mike Chen,ACH,Completed,Q4 2023
TXN427,2023-10-18,SKU-1003,Data Analytics Module,3,5000,15000,CUST-104,DataVault Solutions,Technology,Midwest,Emily Davis,CC,Pending,Q4 2023
TXN428,2023-10-21,SKU-1004,Implementation Services,16,500,8000,CUST-105,Nexus Consulting,Consulting,Southwest,Robert Taylor,ACH,Completed,Q4 2023
TXN429,2023-10-24,SKU-1005,Training Enablement,4,800,3200,CUST-106,CloudBridge LLC,Technology,West,Sarah Jones,CC,Completed,Q4 2023
TXN430,2023-10-27,SKU-1002,Support Package Premium,5,1500,7500,CUST-107,Meridian Systems,Healthcare,Southeast,Mike Chen,Wire,Completed,Q4 2023
TXN431,2023-10-30,SKU-1001,Cloud License Annual,7,2000,14000,CUST-108,Apex Analytics,Financial Services,Northeast,John Smith,ACH,Completed,Q4 2023
TXN432,2023-11-02,SKU-1003,Data Analytics Module,5,5000,25000,CUST-109,Summit Financial,Financial Services,Northeast,John Smith,CC,Completed,Q4 2023
TXN433,2023-11-05,SKU-1004,Implementation Services,9,500,4500,CUST-110,Riverstone Tech,SaaS,West,Sarah Jones,ACH,Completed,Q4 2023
TXN434,2023-11-08,SKU-1005,Training Enablement,7,800,5600,CUST-111,BlueSky Ventures,Technology,Midwest,Emily Davis,CC,Completed,Q4 2023
TXN435,2023-11-11,SKU-1002,Support Package Premium,4,1500,6000,CUST-112,PeakData Corp,Consulting,Southwest,Robert Taylor,Wire,Completed,Q4 2023
TXN436,2023-11-14,SKU-1001,Cloud License Annual,6,2000,12000,CUST-113,Horizon Group,Healthcare,Southeast,Mike Chen,ACH,Cancelled,Q4 2023
TXN437,2023-11-17,SKU-1003,Data Analytics Module,4,5000,20000,CUST-114,Sterling Partners,Consulting,Northeast,John Smith,CC,Completed,Q4 2023
TXN438,2023-11-20,SKU-1004,Implementation Services,12,500,6000,CUST-115,Quantum Analytics,Technology,West,Sarah Jones,ACH,Completed,Q4 2023
TXN439,2023-11-23,SKU-1005,Training Enablement,5,800,4000,CUST-101,Acme Corp,Technology,Northeast,John Smith,CC,Completed,Q4 2023
TXN440,2023-11-26,SKU-1002,Support Package Premium,7,1500,10500,CUST-102,TechFlow Inc,SaaS,West,Sarah Jones,Wire,Completed,Q4 2023
TXN441,2023-11-29,SKU-1001,Cloud License Annual,5,2000,10000,CUST-103,FinServe Partners,Financial Services,Southeast,Mike Chen,ACH,Completed,Q4 2023
TXN442,2023-12-02,SKU-1003,Data Analytics Module,6,5000,30000,CUST-104,DataVault Solutions,Technology,Midwest,Emily Davis,CC,Completed,Q4 2023
TXN443,2023-12-05,SKU-1004,Implementation Services,13,500,6500,CUST-105,Nexus Consulting,Consulting,Southwest,Robert Taylor,CC,Completed,Q4 2023
TXN444,2023-12-08,SKU-1005,Training Enablement,6,800,4800,CUST-106,CloudBridge LLC,Technology,West,Sarah Jones,ACH,Completed,Q4 2023
TXN445,2023-12-11,SKU-1002,Support Package Premium,5,1500,7500,CUST-107,Meridian Systems,Healthcare,Southeast,Mike Chen,CC,Pending,Q4 2023
TXN446,2023-12-14,SKU-1001,Cloud License Annual,9,2000,18000,CUST-108,Apex Analytics,Financial Services,Northeast,John Smith,Wire,Completed,Q4 2023
TXN447,2023-12-17,SKU-1003,Data Analytics Module,4,5000,20000,CUST-109,Summit Financial,Financial Services,Northeast,John Smith,ACH,Completed,Q4 2023
TXN448,2023-12-20,SKU-1004,Implementation Services,18,500,9000,CUST-110,Riverstone Tech,SaaS,West,Sarah Jones,CC,Completed,Q4 2023
TXN449,2023-12-23,SKU-1005,Training Enablement,7,800,5600,CUST-111,BlueSky Ventures,Technology,Midwest,Emily Davis,ACH,Completed,Q4 2023
TXN450,2023-12-26,SKU-1002,Support Package Premium,3,1500,4500,CUST-112,PeakData Corp,Consulting,Southwest,Robert Taylor,CC,Completed,Q4 2023
TXN451,2023-12-29,SKU-1001,Cloud License Annual,6,2000,12000,CUST-113,Horizon Group,Healthcare,Southeast,Mike Chen,Wire,Completed,Q4 2023
TXN452,2024-01-01,SKU-1003,Data Analytics Module,5,5000,25000,CUST-114,Sterling Partners,Consulting,Northeast,John Smith,ACH,Completed,Q1 2024
TXN453,2024-01-04,SKU-1004,Implementation Services,10,500,5000,CUST-115,Quantum Analytics,Technology,West,Sarah Jones,CC,Completed,Q1 2024
TXN454,2024-01-07,SKU-1005,Training Enablement,4,800,3200,CUST-101,Acme Corp,Technology,Northeast,John Smith,ACH,Completed,Q1 2024
TXN455,2024-01-10,SKU-1002,Support Package Premium,6,1500,9000,CUST-102,TechFlow Inc,SaaS,West,Sarah Jones,CC,Completed,Q1 2024
TXN456,2024-01-13,SKU-1001,Cloud License Annual,8,2000,16000,CUST-103,FinServe Partners,Financial Services,Southeast,Mike Chen,Wire,Completed,Q1 2024
TXN457,2024-01-16,SKU-1003,Data Analytics Module,3,5000,15000,CUST-104,DataVault Solutions,Technology,Midwest,Emily Davis,ACH,Pending,Q1 2024
TXN458,2024-01-19,SKU-1004,Implementation Services,15,500,7500,CUST-105,Nexus Consulting,Consulting,Southwest,Robert Taylor,CC,Completed,Q1 2024
TXN459,2024-01-22,SKU-1005,Training Enablement,5,800,4000,CUST-106,CloudBridge LLC,Technology,West,Sarah Jones,ACH,Completed,Q1 2024
TXN460,2024-01-25,SKU-1002,Support Package Premium,4,1500,6000,CUST-107,Meridian Systems,Healthcare,Southeast,Mike Chen,CC,Completed,Q1 2024
TXN461,2024-01-28,SKU-1001,Cloud License Annual,7,2000,14000,CUST-108,Apex Analytics,Financial Services,Northeast,John Smith,Wire,Completed,Q1 2024
TXN462,2024-01-31,SKU-1003,Data Analytics Module,6,5000,30000,CUST-109,Summit Financial,Financial Services,Northeast,John Smith,ACH,Completed,Q1 2024
TXN463,2024-02-03,SKU-1004,Implementation Services,11,500,5500,CUST-110,Riverstone Tech,SaaS,West,Sarah Jones,CC,Completed,Q1 2024
TXN464,2024-02-06,SKU-1005,Training Enablement,7,800,5600,CUST-111,BlueSky Ventures,Technology,Midwest,Emily Davis,ACH,Completed,Q1 2024
TXN465,2024-02-09,SKU-1002,Support Package Premium,5,1500,7500,CUST-112,PeakData Corp,Consulting,Southwest,Robert Taylor,CC,Cancelled,Q1 2024
TXN466,2024-02-12,SKU-1001,Cloud License Annual,6,2000,12000,CUST-113,Horizon Group,Healthcare,Southeast,Mike Chen,Wire,Completed,Q1 2024
TXN467,2024-02-15,SKU-1003,Data Analytics Module,4,5000,20000,CUST-114,Sterling Partners,Consulting,Northeast,John Smith,ACH,Completed,Q1 2024
TXN468,2024-02-18,SKU-1004,Implementation Services,13,500,6500,CUST-115,Quantum Analytics,Technology,West,Sarah Jones,CC,Completed,Q1 2024
TXN469,2024-02-21,SKU-1005,Training Enablement,6,800,4800,CUST-101,Acme Corp,Technology,Northeast,John Smith,ACH,Completed,Q1 2024
TXN470,2024-02-24,SKU-1002,Support Package Premium,3,1500,4500,CUST-102,TechFlow Inc,SaaS,West,Sarah Jones,CC,Completed,Q1 2024
TXN471,2024-02-27,SKU-1001,Cloud License Annual,9,2000,18000,CUST-103,FinServe Partners,Financial Services,Southeast,Mike Chen,Wire,Completed,Q1 2024
TXN472,2024-03-01,SKU-1003,Data Analytics Module,7,5000,35000,CUST-104,DataVault Solutions,Technology,Midwest,Emily Davis,ACH,Completed,Q1 2024
TXN473,2024-03-04,SKU-1004,Implementation Services,12,500,6000,CUST-105,Nexus Consulting,Consulting,Southwest,Robert Taylor,CC,Pending,Q1 2024
TXN474,2024-03-07,SKU-1005,Training Enablement,5,800,4000,CUST-106,CloudBridge LLC,Technology,West,Sarah Jones,ACH,Completed,Q1 2024
TXN475,2024-03-10,SKU-1002,Support Package Premium,6,1500,9000,CUST-107,Meridian Systems,Healthcare,Southeast,Mike Chen,CC,Completed,Q1 2024
TXN476,2024-03-13,SKU-1001,Cloud License Annual,4,2000,8000,CUST-108,Apex Analytics,Financial Services,Northeast,John Smith,Wire,Completed,Q1 2024
TXN477,2024-03-16,SKU-1003,Data Analytics Module,5,5000,25000,CUST-109,Summit Financial,Financial Services,Northeast,John Smith,ACH,Completed,Q1 2024
TXN478,2024-03-19,SKU-1004,Implementation Services,8,500,4000,CUST-110,Riverstone Tech,SaaS,West,Sarah Jones,CC,Completed,Q1 2024
TXN479,2024-03-22,SKU-1005,Training Enablement,7,800,5600,CUST-111,BlueSky Ventures,Technology,Midwest,Emily Davis,ACH,Completed,Q1 2024
TXN480,2024-03-25,SKU-1002,Support Package Premium,4,1500,6000,CUST-112,PeakData Corp,Consulting,Southwest,Robert Taylor,CC,Completed,Q1 2024
TXN481,2024-03-28,SKU-1001,Cloud License Annual,7,2000,14000,CUST-113,Horizon Group,Healthcare,Southeast,Mike Chen,Wire,Completed,Q1 2024
TXN482,2024-03-31,SKU-1003,Data Analytics Module,6,5000,30000,CUST-114,Sterling Partners,Consulting,Northeast,John Smith,ACH,Completed,Q1 2024
TXN483,2023-02-03,SKU-1001,Cloud License Annual,3,2000,6000,CUST-115,Quantum Analytics,Technology,West,Sarah Jones,CC,Completed,Q1 2023
TXN484,2023-02-06,SKU-1004,Implementation Services,5,500,2500,CUST-101,Acme Corp,Technology,Northeast,John Smith,ACH,Completed,Q1 2023
TXN485,2023-02-09,SKU-1003,Data Analytics Module,2,5000,10000,CUST-102,TechFlow Inc,SaaS,West,Sarah Jones,Wire,Pending,Q1 2023
TXN486,2023-02-12,SKU-1005,Training Enablement,4,800,3200,CUST-103,FinServe Partners,Financial Services,Southeast,Mike Chen,ACH,Completed,Q1 2023
TXN487,2023-02-15,SKU-1002,Support Package Premium,6,1500,9000,CUST-104,DataVault Solutions,Technology,Midwest,Emily Davis,CC,Completed,Q1 2023
TXN488,2023-02-18,SKU-1001,Cloud License Annual,8,2000,16000,CUST-105,Nexus Consulting,Consulting,Southwest,Robert Taylor,ACH,Completed,Q1 2023
TXN489,2023-02-21,SKU-1004,Implementation Services,12,500,6000,CUST-106,CloudBridge LLC,Technology,West,Sarah Jones,CC,Completed,Q1 2023
TXN490,2023-02-24,SKU-1003,Data Analytics Module,4,5000,20000,CUST-107,Meridian Systems,Healthcare,Southeast,Mike Chen,Wire,Completed,Q1 2023
TXN491,2023-02-27,SKU-1005,Training Enablement,3,800,2400,CUST-108,Apex Analytics,Financial Services,Northeast,John Smith,ACH,Completed,Q1 2023
TXN492,2023-03-02,SKU-1002,Support Package Premium,5,1500,7500,CUST-109,Summit Financial,Financial Services,Northeast,John Smith,CC,Cancelled,Q1 2023
TXN493,2023-03-05,SKU-1001,Cloud License Annual,7,2000,14000,CUST-110,Riverstone Tech,SaaS,West,Sarah Jones,Wire,Completed,Q1 2023
TXN494,2023-03-08,SKU-1004,Implementation Services,10,500,5000,CUST-111,BlueSky Ventures,Technology,Midwest,Emily Davis,ACH,Completed,Q1 2023
TXN495,2023-03-11,SKU-1003,Data Analytics Module,3,5000,15000,CUST-112,PeakData Corp,Consulting,Southwest,Robert Taylor,CC,Completed,Q1 2023
TXN496,2023-03-14,SKU-1005,Training Enablement,6,800,4800,CUST-113,Horizon Group,Healthcare,Southeast,Mike Chen,ACH,Completed,Q1 2023
TXN497,2023-03-17,SKU-1002,Support Package Premium,4,1500,6000,CUST-114,Sterling Partners,Consulting,Northeast,John Smith,CC,Pending,Q1 2023
TXN498,2023-03-20,SKU-1001,Cloud License Annual,5,2000,10000,CUST-115,Quantum Analytics,Technology,West,Sarah Jones,Wire,Completed,Q1 2023
TXN499,2023-03-23,SKU-1004,Implementation Services,7,500,3500,CUST-101,Acme Corp,Technology,Northeast,John Smith,ACH,Completed,Q1 2023
TXN500,2023-03-26,SKU-1003,Data Analytics Module,5,5000,25000,CUST-102,TechFlow Inc,SaaS,West,Sarah Jones,CC,Completed,Q1 2023
TXN501,2023-06-02,SKU-1001,Cloud License Annual,6,2000,12000,CUST-103,FinServe Partners,Financial Services,Southeast,Mike Chen,ACH,Completed,Q2 2023
TXN502,2023-06-05,SKU-1003,Data Analytics Module,4,5000,20000,CUST-104,DataVault Solutions,Technology,Midwest,Emily Davis,CC,Completed,Q2 2023
TXN503,2023-06-08,SKU-1004,Implementation Services,14,500,7000,CUST-105,Nexus Consulting,Consulting,Southwest,Robert Taylor,ACH,Completed,Q2 2023
TXN504,2023-06-11,SKU-1005,Training Enablement,5,800,4000,CUST-106,CloudBridge LLC,Technology,West,Sarah Jones,CC,Completed,Q2 2023
TXN505,2023-06-14,SKU-1002,Support Package Premium,6,1500,9000,CUST-107,Meridian Systems,Healthcare,Southeast,Mike Chen,Wire,Cancelled,Q2 2023
TXN506,2023-06-17,SKU-1001,Cloud License Annual,9,2000,18000,CUST-108,Apex Analytics,Financial Services,Northeast,John Smith,ACH,Completed,Q2 2023
TXN507,2023-06-20,SKU-1003,Data Analytics Module,3,5000,15000,CUST-109,Summit Financial,Financial Services,Northeast,John Smith,CC,Completed,Q2 2023
TXN508,2023-06-23,SKU-1004,Implementation Services,11,500,5500,CUST-110,Riverstone Tech,SaaS,West,Sarah Jones,ACH,Pending,Q2 2023
TXN509,2023-06-26,SKU-1005,Training Enablement,7,800,5600,CUST-111,BlueSky Ventures,Technology,Midwest,Emily Davis,CC,Completed,Q2 2023
TXN510,2023-06-29,SKU-1002,Support Package Premium,4,1500,6000,CUST-112,PeakData Corp,Consulting,Southwest,Robert Taylor,Wire,Completed,Q2 2023
TXN511,2023-07-02,SKU-1001,Cloud License Annual,7,2000,14000,CUST-113,Horizon Group,Healthcare,Southeast,Mike Chen,ACH,Completed,Q3 2023
TXN512,2023-07-05,SKU-1003,Data Analytics Module,5,5000,25000,CUST-114,Sterling Partners,Consulting,Northeast,John Smith,CC,Completed,Q3 2023
TXN513,2023-07-08,SKU-1004,Implementation Services,16,500,8000,CUST-115,Quantum Analytics,Technology,West,Sarah Jones,ACH,Completed,Q3 2023
TXN514,2023-07-11,SKU-1005,Training Enablement,4,800,3200,CUST-101,Acme Corp,Technology,Northeast,John Smith,CC,Completed,Q3 2023
TXN515,2023-07-14,SKU-1002,Support Package Premium,6,1500,9000,CUST-102,TechFlow Inc,SaaS,West,Sarah Jones,Wire,Completed,Q3 2023
TXN516,2023-09-16,SKU-1001,Cloud License Annual,5,2000,10000,CUST-103,FinServe Partners,Financial Services,Southeast,Mike Chen,ACH,Completed,Q3 2023
TXN517,2023-09-19,SKU-1003,Data Analytics Module,7,5000,35000,CUST-104,DataVault Solutions,Technology,Midwest,Emily Davis,CC,Completed,Q3 2023
TXN518,2023-09-22,SKU-1004,Implementation Services,9,500,4500,CUST-105,Nexus Consulting,Consulting,Southwest,Robert Taylor,ACH,Completed,Q3 2023
TXN519,2023-09-25,SKU-1005,Training Enablement,5,800,4000,CUST-106,CloudBridge LLC,Technology,West,Sarah Jones,CC,Completed,Q3 2023
TXN520,2023-09-28,SKU-1002,Support Package Premium,4,1500,6000,CUST-107,Meridian Systems,Healthcare,Southeast,Mike Chen,Wire,Completed,Q3 2023
